nome da tabela,nome da coluna,tipo da coluna,descrição da coluna,nome do SQL que gera o csv,descrição da tabela,URL do csv
History-Sum-By-Month-Per-Year-of-Votes-by-Tag.csv,RowNumber,integer,Ordinal row number produced by the query ordering.,History-Sum-By-Month-Per-Year-of-Votes-by-Tag.txt,Monthly vote metrics by tag.,https://github.com/ozsp12/project_stack_analysis/blob/main/data/raw/History-Sum-By-Month-Per-Year-of-Votes-by-Tag.csv
History-Sum-By-Month-Per-Year-of-Votes-by-Tag.csv,TagName,string,Stack Exchange tag name.,History-Sum-By-Month-Per-Year-of-Votes-by-Tag.txt,Monthly vote metrics by tag.,https://github.com/ozsp12/project_stack_analysis/blob/main/data/raw/History-Sum-By-Month-Per-Year-of-Votes-by-Tag.csv
History-Sum-By-Month-Per-Year-of-Votes-by-Tag.csv,VoteMonth,date,First day of the vote month.,History-Sum-By-Month-Per-Year-of-Votes-by-Tag.txt,Monthly vote metrics by tag.,https://github.com/ozsp12/project_stack_analysis/blob/main/data/raw/History-Sum-By-Month-Per-Year-of-Votes-by-Tag.csv
History-Sum-By-Month-Per-Year-of-Votes-by-Tag.csv,Upvotes,integer,Count of upvotes for tagged posts in the month.,History-Sum-By-Month-Per-Year-of-Votes-by-Tag.txt,Monthly vote metrics by tag.,https://github.com/ozsp12/project_stack_analysis/blob/main/data/raw/History-Sum-By-Month-Per-Year-of-Votes-by-Tag.csv
History-Sum-By-Month-Per-Year-of-Votes-by-Tag.csv,Downvotes,integer,Count of downvotes for tagged posts in the month.,History-Sum-By-Month-Per-Year-of-Votes-by-Tag.txt,Monthly vote metrics by tag.,https://github.com/ozsp12/project_stack_analysis/blob/main/data/raw/History-Sum-By-Month-Per-Year-of-Votes-by-Tag.csv
History-Sum-By-Month-Per-Year-of-Votes-by-Tag.csv,TotalVotes,integer,Upvotes plus downvotes.,History-Sum-By-Month-Per-Year-of-Votes-by-Tag.txt,Monthly vote metrics by tag.,https://github.com/ozsp12/project_stack_analysis/blob/main/data/raw/History-Sum-By-Month-Per-Year-of-Votes-by-Tag.csv
History-Sum-By-Month-Per-Year-of-Votes-by-Tag.csv,NetVotes,integer,Upvotes minus downvotes.,History-Sum-By-Month-Per-Year-of-Votes-by-Tag.txt,Monthly vote metrics by tag.,https://github.com/ozsp12/project_stack_analysis/blob/main/data/raw/History-Sum-By-Month-Per-Year-of-Votes-by-Tag.csv
History-Sum-By-Month-Per-Year-of-Votes-by-Tag.csv,UpvoteDownvoteRatio,float,Ratio of total upvotes cast to total downvotes cast; null when downvotes are zero.,History-Sum-By-Month-Per-Year-of-Votes-by-Tag.txt,Monthly vote metrics by tag.,https://github.com/ozsp12/project_stack_analysis/blob/main/data/raw/History-Sum-By-Month-Per-Year-of-Votes-by-Tag.csv
all-db-names-from-db-system.csv,DatabaseName,string,Name of a Stack Overflow or Stack Exchange database exposed by SEDE.,all-db-names-from-db-system.txt,SEDE Stack Overflow/Stack Exchange database names.,https://github.com/ozsp12/project_stack_analysis/blob/main/data/raw/all-db-names-from-db-system.csv
cumulative-answers-questions-stackexchange.csv,MonthStart,date,First day of the reference month.,cumulative-answers-questions-stackexchange.sql,Monthly question-lifecycle series matching the legacy workbook.,https://github.com/ozsp12/project_stack_analysis/blob/main/data/raw/cumulative-answers-questions-stackexchange.csv
cumulative-answers-questions-stackexchange.csv,Month Year,date,Duplicate reference-month field retained for the legacy workbook time axis.,cumulative-answers-questions-stackexchange.sql,Monthly question-lifecycle series matching the legacy workbook.,https://github.com/ozsp12/project_stack_analysis/blob/main/data/raw/cumulative-answers-questions-stackexchange.csv
cumulative-answers-questions-stackexchange.csv,Cumulative Unanswered Questions,integer,Running stock of questions with neither an accepted answer nor a currently positive-scored answer.,cumulative-answers-questions-stackexchange.sql,Monthly question-lifecycle series matching the legacy workbook.,https://github.com/ozsp12/project_stack_analysis/blob/main/data/raw/cumulative-answers-questions-stackexchange.csv
cumulative-answers-questions-stackexchange.csv,Cumulative No Answers At All,integer,Running stock of questions that have never received an answer.,cumulative-answers-questions-stackexchange.sql,Monthly question-lifecycle series matching the legacy workbook.,https://github.com/ozsp12/project_stack_analysis/blob/main/data/raw/cumulative-answers-questions-stackexchange.csv
cumulative-answers-questions-stackexchange.csv,New Questions,integer,Count of questions created in the reference month.,cumulative-answers-questions-stackexchange.sql,Monthly question-lifecycle series matching the legacy workbook.,https://github.com/ozsp12/project_stack_analysis/blob/main/data/raw/cumulative-answers-questions-stackexchange.csv
cumulative-answers-questions-stackexchange.csv,Newly Answered Questions,integer,Questions leaving the unanswered state in the reference month.,cumulative-answers-questions-stackexchange.sql,Monthly question-lifecycle series matching the legacy workbook.,https://github.com/ozsp12/project_stack_analysis/blob/main/data/raw/cumulative-answers-questions-stackexchange.csv
cumulative-answers-questions-stackexchange.csv,NewlyGotFirstAnswer,integer,Questions receiving their first answer in the reference month.,cumulative-answers-questions-stackexchange.sql,Monthly question-lifecycle series matching the legacy workbook.,https://github.com/ozsp12/project_stack_analysis/blob/main/data/raw/cumulative-answers-questions-stackexchange.csv
cumulative-answers-questions-stackexchange.csv,NetChangeInUnanswered,integer,New questions minus questions leaving the unanswered state.,cumulative-answers-questions-stackexchange.sql,Monthly question-lifecycle series matching the legacy workbook.,https://github.com/ozsp12/project_stack_analysis/blob/main/data/raw/cumulative-answers-questions-stackexchange.csv
cumulative-answers-questions-stackexchange.csv,NetChangeInNoAnswersAtAll,integer,New questions minus questions receiving their first answer.,cumulative-answers-questions-stackexchange.sql,Monthly question-lifecycle series matching the legacy workbook.,https://github.com/ozsp12/project_stack_analysis/blob/main/data/raw/cumulative-answers-questions-stackexchange.csv
cumulative-unanswered-questions-per-month-since-2008.csv,MonthStart,date,First day of the reference month.,cumulative-unanswered-questions-per-month.txt,Monthly unanswered/no-answer question stocks and flows.,https://github.com/ozsp12/project_stack_analysis/blob/main/data/raw/cumulative-unanswered-questions-per-month-since-2008.csv
cumulative-unanswered-questions-per-month-since-2008.csv,CumulativeUnansweredQuestions,integer,Running stock of questions with neither an accepted answer nor a currently positive-scored answer.,cumulative-unanswered-questions-per-month.txt,Monthly unanswered/no-answer question stocks and flows.,https://github.com/ozsp12/project_stack_analysis/blob/main/data/raw/cumulative-unanswered-questions-per-month-since-2008.csv
cumulative-unanswered-questions-per-month-since-2008.csv,CumulativeNoAnswersAtAll,integer,Running stock of questions that have never received an answer.,cumulative-unanswered-questions-per-month.txt,Monthly unanswered/no-answer question stocks and flows.,https://github.com/ozsp12/project_stack_analysis/blob/main/data/raw/cumulative-unanswered-questions-per-month-since-2008.csv
cumulative-unanswered-questions-per-month-since-2008.csv,NewQuestions,integer,Count of questions created in the reference period.,cumulative-unanswered-questions-per-month.txt,Monthly unanswered/no-answer question stocks and flows.,https://github.com/ozsp12/project_stack_analysis/blob/main/data/raw/cumulative-unanswered-questions-per-month-since-2008.csv
cumulative-unanswered-questions-per-month-since-2008.csv,NewlyAnsweredQuestions,integer,Questions leaving the unanswered state in the reference month.,cumulative-unanswered-questions-per-month.txt,Monthly unanswered/no-answer question stocks and flows.,https://github.com/ozsp12/project_stack_analysis/blob/main/data/raw/cumulative-unanswered-questions-per-month-since-2008.csv
cumulative-unanswered-questions-per-month-since-2008.csv,NewlyGotFirstAnswer,integer,Questions receiving their first answer in the reference month.,cumulative-unanswered-questions-per-month.txt,Monthly unanswered/no-answer question stocks and flows.,https://github.com/ozsp12/project_stack_analysis/blob/main/data/raw/cumulative-unanswered-questions-per-month-since-2008.csv
cumulative-unanswered-questions-per-month-since-2008.csv,NetChangeInUnanswered,integer,New questions minus questions leaving the unanswered state.,cumulative-unanswered-questions-per-month.txt,Monthly unanswered/no-answer question stocks and flows.,https://github.com/ozsp12/project_stack_analysis/blob/main/data/raw/cumulative-unanswered-questions-per-month-since-2008.csv
cumulative-unanswered-questions-per-month-since-2008.csv,NetChangeInNoAnswersAtAll,integer,New questions minus questions receiving their first answer.,cumulative-unanswered-questions-per-month.txt,Monthly unanswered/no-answer question stocks and flows.,https://github.com/ozsp12/project_stack_analysis/blob/main/data/raw/cumulative-unanswered-questions-per-month-since-2008.csv
new-answers-per-day-since-2008.csv,Date,date,"Reference day or first day of the reference month, according to the query grain.",new-answers-per-day-since-2008.txt,Daily new-answer counts by deletion status.,https://github.com/ozsp12/project_stack_analysis/blob/main/data/raw/new-answers-per-day-since-2008.csv
new-answers-per-day-since-2008.csv,Status,string,Current deletion status: deleted or non-deleted.,new-answers-per-day-since-2008.txt,Daily new-answer counts by deletion status.,https://github.com/ozsp12/project_stack_analysis/blob/main/data/raw/new-answers-per-day-since-2008.csv
new-answers-per-day-since-2008.csv,NewAnswers,integer,Count of newly created answers for the reference period and status.,new-answers-per-day-since-2008.txt,Daily new-answer counts by deletion status.,https://github.com/ozsp12/project_stack_analysis/blob/main/data/raw/new-answers-per-day-since-2008.csv
new-answers-per-month-since-2008.csv,Date,date,"Reference day or first day of the reference month, according to the query grain.",new-answers-per-month-since-2008.txt,Monthly new-answer counts by deletion status.,https://github.com/ozsp12/project_stack_analysis/blob/main/data/raw/new-answers-per-month-since-2008.csv
new-answers-per-month-since-2008.csv,Status,string,Current deletion status: deleted or non-deleted.,new-answers-per-month-since-2008.txt,Monthly new-answer counts by deletion status.,https://github.com/ozsp12/project_stack_analysis/blob/main/data/raw/new-answers-per-month-since-2008.csv
new-answers-per-month-since-2008.csv,NewAnswers,integer,Count of newly created answers for the reference period and status.,new-answers-per-month-since-2008.txt,Monthly new-answer counts by deletion status.,https://github.com/ozsp12/project_stack_analysis/blob/main/data/raw/new-answers-per-month-since-2008.csv
new-question-activity-per-day-since-2008.csv,Date,date,"Reference day or first day of the reference month, according to the query grain.",new-question-activity-per-day-since-2008.txt,Daily new-question counts.,https://github.com/ozsp12/project_stack_analysis/blob/main/data/raw/new-question-activity-per-day-since-2008.csv
new-question-activity-per-day-since-2008.csv,NewQuestions,integer,Count of questions created in the reference period.,new-question-activity-per-day-since-2008.txt,Daily new-question counts.,https://github.com/ozsp12/project_stack_analysis/blob/main/data/raw/new-question-activity-per-day-since-2008.csv
new-question-activity-per-month-since-2008.csv,Date,date,"Reference day or first day of the reference month, according to the query grain.",new-question-activity-per-month-since-2008.txt,Monthly new-question counts.,https://github.com/ozsp12/project_stack_analysis/blob/main/data/raw/new-question-activity-per-month-since-2008.csv
new-question-activity-per-month-since-2008.csv,NewQuestions,integer,Count of questions created in the reference period.,new-question-activity-per-month-since-2008.txt,Monthly new-question counts.,https://github.com/ozsp12/project_stack_analysis/blob/main/data/raw/new-question-activity-per-month-since-2008.csv
new-questions-per-day-by-sites-since-2008.csv,Day,date,Calendar day of question creation.,new-questions-per-day-by-sites-since-2008.txt,Daily new-question counts across selected Stack Exchange sites.,https://github.com/ozsp12/project_stack_analysis/blob/main/data/raw/new-questions-per-day-by-sites-since-2008.csv
new-questions-per-day-by-sites-since-2008.csv,AiQuestions,integer,Count of new questions on AI that day.,new-questions-per-day-by-sites-since-2008.txt,Daily new-question counts across selected Stack Exchange sites.,https://github.com/ozsp12/project_stack_analysis/blob/main/data/raw/new-questions-per-day-by-sites-since-2008.csv
new-questions-per-day-by-sites-since-2008.csv,AstronomyQuestions,integer,Count of new questions on Astronomy that day.,new-questions-per-day-by-sites-since-2008.txt,Daily new-question counts across selected Stack Exchange sites.,https://github.com/ozsp12/project_stack_analysis/blob/main/data/raw/new-questions-per-day-by-sites-since-2008.csv
new-questions-per-day-by-sites-since-2008.csv,ComputerGraphicsQuestions,integer,Count of new questions on Computer Graphics that day.,new-questions-per-day-by-sites-since-2008.txt,Daily new-question counts across selected Stack Exchange sites.,https://github.com/ozsp12/project_stack_analysis/blob/main/data/raw/new-questions-per-day-by-sites-since-2008.csv
new-questions-per-day-by-sites-since-2008.csv,ComputerScienceQuestions,integer,Count of new questions on Computer Science that day.,new-questions-per-day-by-sites-since-2008.txt,Daily new-question counts across selected Stack Exchange sites.,https://github.com/ozsp12/project_stack_analysis/blob/main/data/raw/new-questions-per-day-by-sites-since-2008.csv
new-questions-per-day-by-sites-since-2008.csv,CsEducatorsQuestions,integer,Count of new questions on Computer Science Educators that day.,new-questions-per-day-by-sites-since-2008.txt,Daily new-question counts across selected Stack Exchange sites.,https://github.com/ozsp12/project_stack_analysis/blob/main/data/raw/new-questions-per-day-by-sites-since-2008.csv
new-questions-per-day-by-sites-since-2008.csv,CsTheoryQuestions,integer,Count of new questions on Theoretical Computer Science that day.,new-questions-per-day-by-sites-since-2008.txt,Daily new-question counts across selected Stack Exchange sites.,https://github.com/ozsp12/project_stack_analysis/blob/main/data/raw/new-questions-per-day-by-sites-since-2008.csv
new-questions-per-day-by-sites-since-2008.csv,DataScienceQuestions,integer,Count of new questions on Data Science that day.,new-questions-per-day-by-sites-since-2008.txt,Daily new-question counts across selected Stack Exchange sites.,https://github.com/ozsp12/project_stack_analysis/blob/main/data/raw/new-questions-per-day-by-sites-since-2008.csv
new-questions-per-day-by-sites-since-2008.csv,EarthScienceQuestions,integer,Count of new questions on Earth Science that day.,new-questions-per-day-by-sites-since-2008.txt,Daily new-question counts across selected Stack Exchange sites.,https://github.com/ozsp12/project_stack_analysis/blob/main/data/raw/new-questions-per-day-by-sites-since-2008.csv
new-questions-per-day-by-sites-since-2008.csv,EngineeringQuestions,integer,Count of new questions on Engineering that day.,new-questions-per-day-by-sites-since-2008.txt,Daily new-question counts across selected Stack Exchange sites.,https://github.com/ozsp12/project_stack_analysis/blob/main/data/raw/new-questions-per-day-by-sites-since-2008.csv
new-questions-per-day-by-sites-since-2008.csv,GenAIQuestions,integer,Count of new questions on Generative AI that day.,new-questions-per-day-by-sites-since-2008.txt,Daily new-question counts across selected Stack Exchange sites.,https://github.com/ozsp12/project_stack_analysis/blob/main/data/raw/new-questions-per-day-by-sites-since-2008.csv
new-questions-per-day-by-sites-since-2008.csv,MathematicsQuestions,integer,Count of new questions on Mathematics that day.,new-questions-per-day-by-sites-since-2008.txt,Daily new-question counts across selected Stack Exchange sites.,https://github.com/ozsp12/project_stack_analysis/blob/main/data/raw/new-questions-per-day-by-sites-since-2008.csv
new-questions-per-day-by-sites-since-2008.csv,MathEducatorsQuestions,integer,Count of new questions on Mathematics Educators that day.,new-questions-per-day-by-sites-since-2008.txt,Daily new-question counts across selected Stack Exchange sites.,https://github.com/ozsp12/project_stack_analysis/blob/main/data/raw/new-questions-per-day-by-sites-since-2008.csv
new-questions-per-day-by-sites-since-2008.csv,MathOverflowQuestions,integer,Count of new questions on MathOverflow that day.,new-questions-per-day-by-sites-since-2008.txt,Daily new-question counts across selected Stack Exchange sites.,https://github.com/ozsp12/project_stack_analysis/blob/main/data/raw/new-questions-per-day-by-sites-since-2008.csv
new-questions-per-day-by-sites-since-2008.csv,PhysicsQuestions,integer,Count of new questions on Physics that day.,new-questions-per-day-by-sites-since-2008.txt,Daily new-question counts across selected Stack Exchange sites.,https://github.com/ozsp12/project_stack_analysis/blob/main/data/raw/new-questions-per-day-by-sites-since-2008.csv
new-questions-per-day-by-sites-since-2008.csv,QuantQuestions,integer,Count of new questions on Quantitative Finance that day.,new-questions-per-day-by-sites-since-2008.txt,Daily new-question counts across selected Stack Exchange sites.,https://github.com/ozsp12/project_stack_analysis/blob/main/data/raw/new-questions-per-day-by-sites-since-2008.csv
new-questions-per-day-by-sites-since-2008.csv,QuantumComputingQuestions,integer,Count of new questions on Quantum Computing that day.,new-questions-per-day-by-sites-since-2008.txt,Daily new-question counts across selected Stack Exchange sites.,https://github.com/ozsp12/project_stack_analysis/blob/main/data/raw/new-questions-per-day-by-sites-since-2008.csv
new-questions-per-day-by-sites-since-2008.csv,RoboticsQuestions,integer,Count of new questions on Robotics that day.,new-questions-per-day-by-sites-since-2008.txt,Daily new-question counts across selected Stack Exchange sites.,https://github.com/ozsp12/project_stack_analysis/blob/main/data/raw/new-questions-per-day-by-sites-since-2008.csv
new-questions-per-day-by-sites-since-2008.csv,ScientificComputingQuestions,integer,Count of new questions on Computational Science that day.,new-questions-per-day-by-sites-since-2008.txt,Daily new-question counts across selected Stack Exchange sites.,https://github.com/ozsp12/project_stack_analysis/blob/main/data/raw/new-questions-per-day-by-sites-since-2008.csv
new-questions-per-day-by-sites-since-2008.csv,StatisticsQuestions,integer,Count of new questions on Cross Validated / Statistics that day.,new-questions-per-day-by-sites-since-2008.txt,Daily new-question counts across selected Stack Exchange sites.,https://github.com/ozsp12/project_stack_analysis/blob/main/data/raw/new-questions-per-day-by-sites-since-2008.csv
new-questions-per-day-by-sites-since-2008.csv,TeXQuestions,integer,Count of new questions on TeX / LaTeX that day.,new-questions-per-day-by-sites-since-2008.txt,Daily new-question counts across selected Stack Exchange sites.,https://github.com/ozsp12/project_stack_analysis/blob/main/data/raw/new-questions-per-day-by-sites-since-2008.csv
new-questions-per-day-by-sites-since-2008.csv,StackOverflowQuestions,integer,Count of new questions on Stack Overflow that day.,new-questions-per-day-by-sites-since-2008.txt,Daily new-question counts across selected Stack Exchange sites.,https://github.com/ozsp12/project_stack_analysis/blob/main/data/raw/new-questions-per-day-by-sites-since-2008.csv
tags-db.csv,Id,integer,Tag identifier in the Stack Exchange data model.,tags-db.txt,Snapshot of the SEDE Tags table.,https://github.com/ozsp12/project_stack_analysis/blob/main/data/raw/tags-db.csv
tags-db.csv,TagName,string,Stack Exchange tag name.,tags-db.txt,Snapshot of the SEDE Tags table.,https://github.com/ozsp12/project_stack_analysis/blob/main/data/raw/tags-db.csv
tags-db.csv,Count,integer,Current number of posts associated with the tag.,tags-db.txt,Snapshot of the SEDE Tags table.,https://github.com/ozsp12/project_stack_analysis/blob/main/data/raw/tags-db.csv
tags-db.csv,ExcerptPostId,integer,Tag-excerpt post identifier when available.,tags-db.txt,Snapshot of the SEDE Tags table.,https://github.com/ozsp12/project_stack_analysis/blob/main/data/raw/tags-db.csv
tags-db.csv,WikiPostId,integer,Tag-wiki post identifier when available.,tags-db.txt,Snapshot of the SEDE Tags table.,https://github.com/ozsp12/project_stack_analysis/blob/main/data/raw/tags-db.csv
tags-db.csv,IsModeratorOnly,boolean,Whether the tag is restricted to moderator use.,tags-db.txt,Snapshot of the SEDE Tags table.,https://github.com/ozsp12/project_stack_analysis/blob/main/data/raw/tags-db.csv
tags-db.csv,IsRequired,boolean,Whether the tag is required.,tags-db.txt,Snapshot of the SEDE Tags table.,https://github.com/ozsp12/project_stack_analysis/blob/main/data/raw/tags-db.csv
user-metrics-by-site-by-month-all-time.csv,Site,string,SEDE site/database represented by the row.,user-metrics-by-site-by-month-all-time.txt,User metrics by site and account-creation month.,https://github.com/ozsp12/project_stack_analysis/blob/main/data/raw/user-metrics-by-site-by-month-all-time.csv
user-metrics-by-site-by-month-all-time.csv,CreationMonth,date,First day of the user account-creation month.,user-metrics-by-site-by-month-all-time.txt,User metrics by site and account-creation month.,https://github.com/ozsp12/project_stack_analysis/blob/main/data/raw/user-metrics-by-site-by-month-all-time.csv
user-metrics-by-site-by-month-all-time.csv,UsersCount,integer,Number of users represented by the row.,user-metrics-by-site-by-month-all-time.txt,User metrics by site and account-creation month.,https://github.com/ozsp12/project_stack_analysis/blob/main/data/raw/user-metrics-by-site-by-month-all-time.csv
user-metrics-by-site-by-month-all-time.csv,DistinctNetworkAccounts,integer,Number of distinct Stack Exchange network AccountId values.,user-metrics-by-site-by-month-all-time.txt,User metrics by site and account-creation month.,https://github.com/ozsp12/project_stack_analysis/blob/main/data/raw/user-metrics-by-site-by-month-all-time.csv
user-metrics-by-site-by-month-all-time.csv,TotalReputation,integer,Total reputation.,user-metrics-by-site-by-month-all-time.txt,User metrics by site and account-creation month.,https://github.com/ozsp12/project_stack_analysis/blob/main/data/raw/user-metrics-by-site-by-month-all-time.csv
user-metrics-by-site-by-month-all-time.csv,AvgReputation,float,Mean reputation.,user-metrics-by-site-by-month-all-time.txt,User metrics by site and account-creation month.,https://github.com/ozsp12/project_stack_analysis/blob/main/data/raw/user-metrics-by-site-by-month-all-time.csv
user-metrics-by-site-by-month-all-time.csv,MinReputation,integer,Minimum reputation.,user-metrics-by-site-by-month-all-time.txt,User metrics by site and account-creation month.,https://github.com/ozsp12/project_stack_analysis/blob/main/data/raw/user-metrics-by-site-by-month-all-time.csv
user-metrics-by-site-by-month-all-time.csv,MaxReputation,integer,Maximum reputation.,user-metrics-by-site-by-month-all-time.txt,User metrics by site and account-creation month.,https://github.com/ozsp12/project_stack_analysis/blob/main/data/raw/user-metrics-by-site-by-month-all-time.csv
user-metrics-by-site-by-month-all-time.csv,StdReputation,float,Standard deviation of reputation.,user-metrics-by-site-by-month-all-time.txt,User metrics by site and account-creation month.,https://github.com/ozsp12/project_stack_analysis/blob/main/data/raw/user-metrics-by-site-by-month-all-time.csv
user-metrics-by-site-by-month-all-time.csv,TotalProfileViews,integer,Total profile views.,user-metrics-by-site-by-month-all-time.txt,User metrics by site and account-creation month.,https://github.com/ozsp12/project_stack_analysis/blob/main/data/raw/user-metrics-by-site-by-month-all-time.csv
user-metrics-by-site-by-month-all-time.csv,AvgProfileViews,float,Mean profile views.,user-metrics-by-site-by-month-all-time.txt,User metrics by site and account-creation month.,https://github.com/ozsp12/project_stack_analysis/blob/main/data/raw/user-metrics-by-site-by-month-all-time.csv
user-metrics-by-site-by-month-all-time.csv,MinProfileViews,integer,Minimum profile views.,user-metrics-by-site-by-month-all-time.txt,User metrics by site and account-creation month.,https://github.com/ozsp12/project_stack_analysis/blob/main/data/raw/user-metrics-by-site-by-month-all-time.csv
user-metrics-by-site-by-month-all-time.csv,MaxProfileViews,integer,Maximum profile views.,user-metrics-by-site-by-month-all-time.txt,User metrics by site and account-creation month.,https://github.com/ozsp12/project_stack_analysis/blob/main/data/raw/user-metrics-by-site-by-month-all-time.csv
user-metrics-by-site-by-month-all-time.csv,TotalUpVotesCast,integer,Total upvotes cast.,user-metrics-by-site-by-month-all-time.txt,User metrics by site and account-creation month.,https://github.com/ozsp12/project_stack_analysis/blob/main/data/raw/user-metrics-by-site-by-month-all-time.csv
user-metrics-by-site-by-month-all-time.csv,AvgUpVotesCast,float,Mean upvotes cast.,user-metrics-by-site-by-month-all-time.txt,User metrics by site and account-creation month.,https://github.com/ozsp12/project_stack_analysis/blob/main/data/raw/user-metrics-by-site-by-month-all-time.csv
user-metrics-by-site-by-month-all-time.csv,MinUpVotesCast,integer,Minimum upvotes cast.,user-metrics-by-site-by-month-all-time.txt,User metrics by site and account-creation month.,https://github.com/ozsp12/project_stack_analysis/blob/main/data/raw/user-metrics-by-site-by-month-all-time.csv
user-metrics-by-site-by-month-all-time.csv,MaxUpVotesCast,integer,Maximum upvotes cast.,user-metrics-by-site-by-month-all-time.txt,User metrics by site and account-creation month.,https://github.com/ozsp12/project_stack_analysis/blob/main/data/raw/user-metrics-by-site-by-month-all-time.csv
user-metrics-by-site-by-month-all-time.csv,TotalDownVotesCast,integer,Total downvotes cast.,user-metrics-by-site-by-month-all-time.txt,User metrics by site and account-creation month.,https://github.com/ozsp12/project_stack_analysis/blob/main/data/raw/user-metrics-by-site-by-month-all-time.csv
user-metrics-by-site-by-month-all-time.csv,AvgDownVotesCast,float,Mean downvotes cast.,user-metrics-by-site-by-month-all-time.txt,User metrics by site and account-creation month.,https://github.com/ozsp12/project_stack_analysis/blob/main/data/raw/user-metrics-by-site-by-month-all-time.csv
user-metrics-by-site-by-month-all-time.csv,MinDownVotesCast,integer,Minimum downvotes cast.,user-metrics-by-site-by-month-all-time.txt,User metrics by site and account-creation month.,https://github.com/ozsp12/project_stack_analysis/blob/main/data/raw/user-metrics-by-site-by-month-all-time.csv
user-metrics-by-site-by-month-all-time.csv,MaxDownVotesCast,integer,Maximum downvotes cast.,user-metrics-by-site-by-month-all-time.txt,User metrics by site and account-creation month.,https://github.com/ozsp12/project_stack_analysis/blob/main/data/raw/user-metrics-by-site-by-month-all-time.csv
user-metrics-by-site-by-month-all-time.csv,TotalVotesCast,integer,Total total votes cast.,user-metrics-by-site-by-month-all-time.txt,User metrics by site and account-creation month.,https://github.com/ozsp12/project_stack_analysis/blob/main/data/raw/user-metrics-by-site-by-month-all-time.csv
user-metrics-by-site-by-month-all-time.csv,AvgVotesCast,float,Mean total votes cast.,user-metrics-by-site-by-month-all-time.txt,User metrics by site and account-creation month.,https://github.com/ozsp12/project_stack_analysis/blob/main/data/raw/user-metrics-by-site-by-month-all-time.csv
user-metrics-by-site-by-month-all-time.csv,MinVotesCast,integer,Minimum total votes cast.,user-metrics-by-site-by-month-all-time.txt,User metrics by site and account-creation month.,https://github.com/ozsp12/project_stack_analysis/blob/main/data/raw/user-metrics-by-site-by-month-all-time.csv
user-metrics-by-site-by-month-all-time.csv,MaxVotesCast,integer,Maximum total votes cast.,user-metrics-by-site-by-month-all-time.txt,User metrics by site and account-creation month.,https://github.com/ozsp12/project_stack_analysis/blob/main/data/raw/user-metrics-by-site-by-month-all-time.csv
user-metrics-by-site-by-month-all-time.csv,NetVotesCast,integer,Field returned by the paired SEDE query.,user-metrics-by-site-by-month-all-time.txt,User metrics by site and account-creation month.,https://github.com/ozsp12/project_stack_analysis/blob/main/data/raw/user-metrics-by-site-by-month-all-time.csv
user-metrics-by-site-by-month-all-time.csv,AvgNetVotesCast,float,Mean net votes cast.,user-metrics-by-site-by-month-all-time.txt,User metrics by site and account-creation month.,https://github.com/ozsp12/project_stack_analysis/blob/main/data/raw/user-metrics-by-site-by-month-all-time.csv
user-metrics-by-site-by-month-all-time.csv,MinNetVotesCast,integer,Minimum net votes cast.,user-metrics-by-site-by-month-all-time.txt,User metrics by site and account-creation month.,https://github.com/ozsp12/project_stack_analysis/blob/main/data/raw/user-metrics-by-site-by-month-all-time.csv
user-metrics-by-site-by-month-all-time.csv,MaxNetVotesCast,integer,Maximum net votes cast.,user-metrics-by-site-by-month-all-time.txt,User metrics by site and account-creation month.,https://github.com/ozsp12/project_stack_analysis/blob/main/data/raw/user-metrics-by-site-by-month-all-time.csv
user-metrics-by-site-by-month-all-time.csv,UpvoteDownvoteRatio,float,Ratio of total upvotes cast to total downvotes cast; null when downvotes are zero.,user-metrics-by-site-by-month-all-time.txt,User metrics by site and account-creation month.,https://github.com/ozsp12/project_stack_analysis/blob/main/data/raw/user-metrics-by-site-by-month-all-time.csv
user-metrics-by-site-by-month-all-time.csv,AvgAccountAgeDays,float,Mean account age in days.,user-metrics-by-site-by-month-all-time.txt,User metrics by site and account-creation month.,https://github.com/ozsp12/project_stack_analysis/blob/main/data/raw/user-metrics-by-site-by-month-all-time.csv
user-metrics-by-site-by-month-all-time.csv,MinAccountAgeDays,integer,Minimum account age in days.,user-metrics-by-site-by-month-all-time.txt,User metrics by site and account-creation month.,https://github.com/ozsp12/project_stack_analysis/blob/main/data/raw/user-metrics-by-site-by-month-all-time.csv
user-metrics-by-site-by-month-all-time.csv,MaxAccountAgeDays,integer,Maximum account age in days.,user-metrics-by-site-by-month-all-time.txt,User metrics by site and account-creation month.,https://github.com/ozsp12/project_stack_analysis/blob/main/data/raw/user-metrics-by-site-by-month-all-time.csv
user-metrics-by-site-by-month-all-time.csv,AvgDaysSinceLastAccess,float,Mean days since last access.,user-metrics-by-site-by-month-all-time.txt,User metrics by site and account-creation month.,https://github.com/ozsp12/project_stack_analysis/blob/main/data/raw/user-metrics-by-site-by-month-all-time.csv
user-metrics-by-site-by-month-all-time.csv,MinDaysSinceLastAccess,integer,Minimum days since last access.,user-metrics-by-site-by-month-all-time.txt,User metrics by site and account-creation month.,https://github.com/ozsp12/project_stack_analysis/blob/main/data/raw/user-metrics-by-site-by-month-all-time.csv
user-metrics-by-site-by-month-all-time.csv,MaxDaysSinceLastAccess,integer,Maximum days since last access.,user-metrics-by-site-by-month-all-time.txt,User metrics by site and account-creation month.,https://github.com/ozsp12/project_stack_analysis/blob/main/data/raw/user-metrics-by-site-by-month-all-time.csv
user-metrics-by-site-by-month-all-time.csv,UsersWithWebsite,integer,Count of users with WebsiteUrl.,user-metrics-by-site-by-month-all-time.txt,User metrics by site and account-creation month.,https://github.com/ozsp12/project_stack_analysis/blob/main/data/raw/user-metrics-by-site-by-month-all-time.csv
user-metrics-by-site-by-month-all-time.csv,UsersWithoutWebsite,integer,Count of users without WebsiteUrl.,user-metrics-by-site-by-month-all-time.txt,User metrics by site and account-creation month.,https://github.com/ozsp12/project_stack_analysis/blob/main/data/raw/user-metrics-by-site-by-month-all-time.csv
user-metrics-by-site-by-month-all-time.csv,UsersWithAboutMe,integer,Count of users with AboutMe.,user-metrics-by-site-by-month-all-time.txt,User metrics by site and account-creation month.,https://github.com/ozsp12/project_stack_analysis/blob/main/data/raw/user-metrics-by-site-by-month-all-time.csv
user-metrics-by-site-by-month-all-time.csv,UsersWithoutAboutMe,integer,Count of users without AboutMe.,user-metrics-by-site-by-month-all-time.txt,User metrics by site and account-creation month.,https://github.com/ozsp12/project_stack_analysis/blob/main/data/raw/user-metrics-by-site-by-month-all-time.csv
user-metrics-by-site-by-month-all-time.csv,UsersWithProfileImage,integer,Count of users with ProfileImageUrl.,user-metrics-by-site-by-month-all-time.txt,User metrics by site and account-creation month.,https://github.com/ozsp12/project_stack_analysis/blob/main/data/raw/user-metrics-by-site-by-month-all-time.csv
user-metrics-by-site-by-month-all-time.csv,UsersWithoutProfileImage,integer,Count of users without ProfileImageUrl.,user-metrics-by-site-by-month-all-time.txt,User metrics by site and account-creation month.,https://github.com/ozsp12/project_stack_analysis/blob/main/data/raw/user-metrics-by-site-by-month-all-time.csv
user-metrics-by-site-by-month-all-time.csv,UsersWithNetworkAccount,integer,Count of users with network AccountId.,user-metrics-by-site-by-month-all-time.txt,User metrics by site and account-creation month.,https://github.com/ozsp12/project_stack_analysis/blob/main/data/raw/user-metrics-by-site-by-month-all-time.csv
user-metrics-by-site-by-month-all-time.csv,UsersWithoutNetworkAccount,integer,Count of users without network AccountId.,user-metrics-by-site-by-month-all-time.txt,User metrics by site and account-creation month.,https://github.com/ozsp12/project_stack_analysis/blob/main/data/raw/user-metrics-by-site-by-month-all-time.csv
user-static-metrics-by-several-site-all-time.csv,Site,string,SEDE site/database represented by the row.,user-static-metrics-by-several-site-all-time.txt,Cross-site snapshot of aggregate user metrics.,https://github.com/ozsp12/project_stack_analysis/blob/main/data/raw/user-static-metrics-by-several-site-all-time.csv
user-static-metrics-by-several-site-all-time.csv,UsersCount,integer,Number of users represented by the row.,user-static-metrics-by-several-site-all-time.txt,Cross-site snapshot of aggregate user metrics.,https://github.com/ozsp12/project_stack_analysis/blob/main/data/raw/user-static-metrics-by-several-site-all-time.csv
user-static-metrics-by-several-site-all-time.csv,DistinctNetworkAccounts,integer,Number of distinct Stack Exchange network AccountId values.,user-static-metrics-by-several-site-all-time.txt,Cross-site snapshot of aggregate user metrics.,https://github.com/ozsp12/project_stack_analysis/blob/main/data/raw/user-static-metrics-by-several-site-all-time.csv
user-static-metrics-by-several-site-all-time.csv,TotalReputation,integer,Total reputation.,user-static-metrics-by-several-site-all-time.txt,Cross-site snapshot of aggregate user metrics.,https://github.com/ozsp12/project_stack_analysis/blob/main/data/raw/user-static-metrics-by-several-site-all-time.csv
user-static-metrics-by-several-site-all-time.csv,AvgReputation,float,Mean reputation.,user-static-metrics-by-several-site-all-time.txt,Cross-site snapshot of aggregate user metrics.,https://github.com/ozsp12/project_stack_analysis/blob/main/data/raw/user-static-metrics-by-several-site-all-time.csv
user-static-metrics-by-several-site-all-time.csv,MinReputation,integer,Minimum reputation.,user-static-metrics-by-several-site-all-time.txt,Cross-site snapshot of aggregate user metrics.,https://github.com/ozsp12/project_stack_analysis/blob/main/data/raw/user-static-metrics-by-several-site-all-time.csv
user-static-metrics-by-several-site-all-time.csv,MaxReputation,integer,Maximum reputation.,user-static-metrics-by-several-site-all-time.txt,Cross-site snapshot of aggregate user metrics.,https://github.com/ozsp12/project_stack_analysis/blob/main/data/raw/user-static-metrics-by-several-site-all-time.csv
user-static-metrics-by-several-site-all-time.csv,TotalProfileViews,integer,Total profile views.,user-static-metrics-by-several-site-all-time.txt,Cross-site snapshot of aggregate user metrics.,https://github.com/ozsp12/project_stack_analysis/blob/main/data/raw/user-static-metrics-by-several-site-all-time.csv
user-static-metrics-by-several-site-all-time.csv,AvgProfileViews,float,Mean profile views.,user-static-metrics-by-several-site-all-time.txt,Cross-site snapshot of aggregate user metrics.,https://github.com/ozsp12/project_stack_analysis/blob/main/data/raw/user-static-metrics-by-several-site-all-time.csv
user-static-metrics-by-several-site-all-time.csv,MinProfileViews,integer,Minimum profile views.,user-static-metrics-by-several-site-all-time.txt,Cross-site snapshot of aggregate user metrics.,https://github.com/ozsp12/project_stack_analysis/blob/main/data/raw/user-static-metrics-by-several-site-all-time.csv
user-static-metrics-by-several-site-all-time.csv,MaxProfileViews,integer,Maximum profile views.,user-static-metrics-by-several-site-all-time.txt,Cross-site snapshot of aggregate user metrics.,https://github.com/ozsp12/project_stack_analysis/blob/main/data/raw/user-static-metrics-by-several-site-all-time.csv
user-static-metrics-by-several-site-all-time.csv,TotalUpVotesCast,integer,Total upvotes cast.,user-static-metrics-by-several-site-all-time.txt,Cross-site snapshot of aggregate user metrics.,https://github.com/ozsp12/project_stack_analysis/blob/main/data/raw/user-static-metrics-by-several-site-all-time.csv
user-static-metrics-by-several-site-all-time.csv,AvgUpVotesCast,float,Mean upvotes cast.,user-static-metrics-by-several-site-all-time.txt,Cross-site snapshot of aggregate user metrics.,https://github.com/ozsp12/project_stack_analysis/blob/main/data/raw/user-static-metrics-by-several-site-all-time.csv
user-static-metrics-by-several-site-all-time.csv,MinUpVotesCast,integer,Minimum upvotes cast.,user-static-metrics-by-several-site-all-time.txt,Cross-site snapshot of aggregate user metrics.,https://github.com/ozsp12/project_stack_analysis/blob/main/data/raw/user-static-metrics-by-several-site-all-time.csv
user-static-metrics-by-several-site-all-time.csv,MaxUpVotesCast,integer,Maximum upvotes cast.,user-static-metrics-by-several-site-all-time.txt,Cross-site snapshot of aggregate user metrics.,https://github.com/ozsp12/project_stack_analysis/blob/main/data/raw/user-static-metrics-by-several-site-all-time.csv
user-static-metrics-by-several-site-all-time.csv,TotalDownVotesCast,integer,Total downvotes cast.,user-static-metrics-by-several-site-all-time.txt,Cross-site snapshot of aggregate user metrics.,https://github.com/ozsp12/project_stack_analysis/blob/main/data/raw/user-static-metrics-by-several-site-all-time.csv
user-static-metrics-by-several-site-all-time.csv,AvgDownVotesCast,float,Mean downvotes cast.,user-static-metrics-by-several-site-all-time.txt,Cross-site snapshot of aggregate user metrics.,https://github.com/ozsp12/project_stack_analysis/blob/main/data/raw/user-static-metrics-by-several-site-all-time.csv
user-static-metrics-by-several-site-all-time.csv,MinDownVotesCast,integer,Minimum downvotes cast.,user-static-metrics-by-several-site-all-time.txt,Cross-site snapshot of aggregate user metrics.,https://github.com/ozsp12/project_stack_analysis/blob/main/data/raw/user-static-metrics-by-several-site-all-time.csv
user-static-metrics-by-several-site-all-time.csv,MaxDownVotesCast,integer,Maximum downvotes cast.,user-static-metrics-by-several-site-all-time.txt,Cross-site snapshot of aggregate user metrics.,https://github.com/ozsp12/project_stack_analysis/blob/main/data/raw/user-static-metrics-by-several-site-all-time.csv
user-static-metrics-by-several-site-all-time.csv,TotalVotesCast,integer,Total total votes cast.,user-static-metrics-by-several-site-all-time.txt,Cross-site snapshot of aggregate user metrics.,https://github.com/ozsp12/project_stack_analysis/blob/main/data/raw/user-static-metrics-by-several-site-all-time.csv
user-static-metrics-by-several-site-all-time.csv,AvgVotesCast,float,Mean total votes cast.,user-static-metrics-by-several-site-all-time.txt,Cross-site snapshot of aggregate user metrics.,https://github.com/ozsp12/project_stack_analysis/blob/main/data/raw/user-static-metrics-by-several-site-all-time.csv
user-static-metrics-by-several-site-all-time.csv,MinVotesCast,integer,Minimum total votes cast.,user-static-metrics-by-several-site-all-time.txt,Cross-site snapshot of aggregate user metrics.,https://github.com/ozsp12/project_stack_analysis/blob/main/data/raw/user-static-metrics-by-several-site-all-time.csv
user-static-metrics-by-several-site-all-time.csv,MaxVotesCast,integer,Maximum total votes cast.,user-static-metrics-by-several-site-all-time.txt,Cross-site snapshot of aggregate user metrics.,https://github.com/ozsp12/project_stack_analysis/blob/main/data/raw/user-static-metrics-by-several-site-all-time.csv
user-static-metrics-by-several-site-all-time.csv,NetVotesCast,integer,Field returned by the paired SEDE query.,user-static-metrics-by-several-site-all-time.txt,Cross-site snapshot of aggregate user metrics.,https://github.com/ozsp12/project_stack_analysis/blob/main/data/raw/user-static-metrics-by-several-site-all-time.csv
user-static-metrics-by-several-site-all-time.csv,AvgNetVotesCast,float,Mean net votes cast.,user-static-metrics-by-several-site-all-time.txt,Cross-site snapshot of aggregate user metrics.,https://github.com/ozsp12/project_stack_analysis/blob/main/data/raw/user-static-metrics-by-several-site-all-time.csv
user-static-metrics-by-several-site-all-time.csv,MinNetVotesCast,integer,Minimum net votes cast.,user-static-metrics-by-several-site-all-time.txt,Cross-site snapshot of aggregate user metrics.,https://github.com/ozsp12/project_stack_analysis/blob/main/data/raw/user-static-metrics-by-several-site-all-time.csv
user-static-metrics-by-several-site-all-time.csv,MaxNetVotesCast,integer,Maximum net votes cast.,user-static-metrics-by-several-site-all-time.txt,Cross-site snapshot of aggregate user metrics.,https://github.com/ozsp12/project_stack_analysis/blob/main/data/raw/user-static-metrics-by-several-site-all-time.csv
user-static-metrics-by-several-site-all-time.csv,UpvoteDownvoteRatio,float,Ratio of total upvotes cast to total downvotes cast; null when downvotes are zero.,user-static-metrics-by-several-site-all-time.txt,Cross-site snapshot of aggregate user metrics.,https://github.com/ozsp12/project_stack_analysis/blob/main/data/raw/user-static-metrics-by-several-site-all-time.csv
user-static-metrics-by-several-site-all-time.csv,UsersWithWebsite,integer,Count of users with WebsiteUrl.,user-static-metrics-by-several-site-all-time.txt,Cross-site snapshot of aggregate user metrics.,https://github.com/ozsp12/project_stack_analysis/blob/main/data/raw/user-static-metrics-by-several-site-all-time.csv
user-static-metrics-by-several-site-all-time.csv,UsersWithoutWebsite,integer,Count of users without WebsiteUrl.,user-static-metrics-by-several-site-all-time.txt,Cross-site snapshot of aggregate user metrics.,https://github.com/ozsp12/project_stack_analysis/blob/main/data/raw/user-static-metrics-by-several-site-all-time.csv
user-static-metrics-by-several-site-all-time.csv,UsersWithAboutMe,integer,Count of users with AboutMe.,user-static-metrics-by-several-site-all-time.txt,Cross-site snapshot of aggregate user metrics.,https://github.com/ozsp12/project_stack_analysis/blob/main/data/raw/user-static-metrics-by-several-site-all-time.csv
user-static-metrics-by-several-site-all-time.csv,UsersWithoutAboutMe,integer,Count of users without AboutMe.,user-static-metrics-by-several-site-all-time.txt,Cross-site snapshot of aggregate user metrics.,https://github.com/ozsp12/project_stack_analysis/blob/main/data/raw/user-static-metrics-by-several-site-all-time.csv
user-static-metrics-by-several-site-all-time.csv,UsersWithProfileImage,integer,Count of users with ProfileImageUrl.,user-static-metrics-by-several-site-all-time.txt,Cross-site snapshot of aggregate user metrics.,https://github.com/ozsp12/project_stack_analysis/blob/main/data/raw/user-static-metrics-by-several-site-all-time.csv
user-static-metrics-by-several-site-all-time.csv,UsersWithoutProfileImage,integer,Count of users without ProfileImageUrl.,user-static-metrics-by-several-site-all-time.txt,Cross-site snapshot of aggregate user metrics.,https://github.com/ozsp12/project_stack_analysis/blob/main/data/raw/user-static-metrics-by-several-site-all-time.csv
user-static-metrics-by-several-site-all-time.csv,UsersWithNetworkAccount,integer,Count of users with network AccountId.,user-static-metrics-by-several-site-all-time.txt,Cross-site snapshot of aggregate user metrics.,https://github.com/ozsp12/project_stack_analysis/blob/main/data/raw/user-static-metrics-by-several-site-all-time.csv
user-static-metrics-by-several-site-all-time.csv,UsersWithoutNetworkAccount,integer,Count of users without network AccountId.,user-static-metrics-by-several-site-all-time.txt,Cross-site snapshot of aggregate user metrics.,https://github.com/ozsp12/project_stack_analysis/blob/main/data/raw/user-static-metrics-by-several-site-all-time.csv
